﻿<?xml version="1.0" encoding="utf-8"?>
<deployment>
  <id>d7f3cfc9e3665bb4087e10828e6ed957515907441755628516438</id>
  <author>garv-seth</author>
  <deployer>GitHub</deployer>
  <authorEmail />
  <message>{"type":"Deployment","sha":"d7f3cfc9e3665bb4087e10828e6ed95751590744","repoName":"garv-seth/CareerateV1","actor":"garv-seth","slotName":"production"}</message>
  <progress />
  <status>Success</status>
  <statusText />
  <lastSuccessEndTime>2025-08-19T18:35:16.5778206Z</lastSuccessEndTime>
  <receivedTime>2025-08-19T18:35:16.5778206Z</receivedTime>
  <startTime>2025-08-19T18:35:16.5778206Z</startTime>
  <endTime>2025-08-19T18:35:16.5778206Z</endTime>
  <complete>True</complete>
  <is_temp>False</is_temp>
  <is_readonly>True</is_readonly>
  <buildSummary />
</deployment>