﻿<?xml version="1.0" encoding="utf-8"?>
<deployment>
  <id>89730045-1bef-4737-89a4-7bb918534969</id>
  <author>N/A</author>
  <deployer>OneDeploy</deployer>
  <authorEmail>N/A</authorEmail>
  <message>OneDeploy</message>
  <progress></progress>
  <status>Success</status>
  <statusText></statusText>
  <lastSuccessEndTime>2025-09-17T06:08:24.484317Z</lastSuccessEndTime>
  <receivedTime>2025-09-17T06:08:16.571018Z</receivedTime>
  <startTime>2025-09-17T06:08:18.0670094Z</startTime>
  <endTime>2025-09-17T06:08:24.484317Z</endTime>
  <complete>True</complete>
  <is_temp>False</is_temp>
  <is_readonly>True</is_readonly>
  <buildSummary />
</deployment>