﻿<?xml version="1.0" encoding="utf-8"?>
<deployment>
  <id>76794605-537f-4d2d-8ae9-42c4965dbe56</id>
  <author>N/A</author>
  <deployer>OneDeploy</deployer>
  <authorEmail>N/A</authorEmail>
  <message>OneDeploy</message>
  <progress></progress>
  <status>Success</status>
  <statusText></statusText>
  <lastSuccessEndTime>2025-09-17T06:18:16.1068787Z</lastSuccessEndTime>
  <receivedTime>2025-09-17T06:17:54.7982852Z</receivedTime>
  <startTime>2025-09-17T06:17:57.4484613Z</startTime>
  <endTime>2025-09-17T06:18:16.1068787Z</endTime>
  <complete>True</complete>
  <is_temp>False</is_temp>
  <is_readonly>True</is_readonly>
  <buildSummary />
</deployment>