﻿<?xml version="1.0" encoding="utf-8"?>
<deployment>
  <id>0e81f6922cfb32b2d15f6033362dee34669f1a3c1755627821883</id>
  <author>garv-seth</author>
  <deployer>GitHub</deployer>
  <authorEmail />
  <message>{"type":"Deployment","sha":"0e81f6922cfb32b2d15f6033362dee34669f1a3c","repoName":"garv-seth/CareerateV1","actor":"garv-seth","slotName":"production"}</message>
  <progress />
  <status>Success</status>
  <statusText />
  <lastSuccessEndTime>2025-08-19T18:23:42.0202077Z</lastSuccessEndTime>
  <receivedTime>2025-08-19T18:23:42.0202077Z</receivedTime>
  <startTime>2025-08-19T18:23:42.0202077Z</startTime>
  <endTime>2025-08-19T18:23:42.0202077Z</endTime>
  <complete>True</complete>
  <is_temp>False</is_temp>
  <is_readonly>True</is_readonly>
  <buildSummary />
</deployment>