<step title="Incoming Request" date="2025-09-17T06:17:46.099" instance="a43493" url="/api/publish?type=zip" method="POST" type="request" pid="770,1,5" Accept="*/*" Host="careeratev1.scm.azurewebsites.net" User-Agent="AZURECLI/2.75.0 (MSI)" Accept-Encoding="gzip, deflate" Authorization="Bas..." Cache-Control="no-cache" Content-Type="application/octet-stream" Cookie="ARRAffinity=a434938ab9cf54b99164e7f12e277f3dd475a264182b98d6a0baee1e6c3e1a6e; ARRAffinitySameSite=a434938ab9cf54b99164e7f12e277f3dd475a264182b98d6a0baee1e6c3e1a6e" Content-Length="457358" x-ms-client-request-id="e0f897e5-938d-11f0-a513-ac198e999b88" x-ms-artifact-checksum="786369ac6230fb801727adc1c92b477cdfbea22396214836814d171108782bf2" X-ARR-LOG-ID="e0f897e5-938d-11f0-a513-ac198e999b88" CLIENT-IP="50.35.118.78:56514" X-SITE-DEPLOYMENT-ID="CareerateV1" WAS-DEFAULT-HOSTNAME="careeratev1.scm.azurewebsites.net" X-Forwarded-Proto="https" X-AppService-Proto="https" X-Forwarded-TlsVersion="1.3" X-WAWS-Unencoded-URL="/api/publish?type=zip" X-Client-IP="50.35.118.78" X-Client-Port="56514" >
  <step title="Cleanup Xml Logs" date="2025-09-17T06:17:46.119" /><!-- duration: 87ms -->
  <step title="OneDeploy" date="2025-09-17T06:17:47.037" >
    <step title="None repository commit" date="2025-09-17T06:17:47.126" >
      <step title="Commit id: 76794605-537f-4d2d-8ae9-42c4965dbe56" date="2025-09-17T06:17:47.137" Message="N/A" AuthorName="N/A" AuthorEmail="N/A" /><!-- duration: 18ms -->
    </step><!-- duration: 31ms -->
    <step title="Starting PushDeployAsync" date="2025-09-17T06:17:47.175" /><!-- duration: 29ms -->
    <step title="Writing artifact to /tmp/zipdeploy/f443a09d-8e51-468a-b416-c7f709cfdedc.zip" date="2025-09-17T06:17:47.489" >
      <step title="Writing multipart request body to /tmp/zipdeploy/f443a09d-8e51-468a-b416-c7f709cfdedc.zip" date="2025-09-17T06:17:47.499" /><!-- duration: 21ms -->
    </step><!-- duration: 630ms -->
    <step title="Attempting to fetch target branch HEAD" date="2025-09-17T06:17:48.473" /><!-- duration: 21ms -->
    <step title="Acquiring Deployment Lock" date="2025-09-17T06:17:48.584" /><!-- duration: 21ms -->
    <step title="Acquired Deployment Lock" date="2025-09-17T06:17:49.080" /><!-- duration: 12ms -->
    <step title="Performing fetch based deployment" date="2025-09-17T06:17:49.169" >
      <step title="Creating temporary deployment" date="2025-09-17T06:17:49.219" /><!-- duration: 509ms -->
      <step title="Releasing Deployment Lock" date="2025-09-17T06:17:51.398" /><!-- duration: 18ms -->
      <step title="Cleaning up temp folders from previous zip deployments and extracting pushed zip file /tmp/zipdeploy/f443a09d-8e51-468a-b416-c7f709cfdedc.zip (0.44 MB) to /tmp/zipdeploy/extracted" date="2025-09-17T06:17:51.597" >
        <step title="ChmodRecursive Process exited with total time taken in ms: 198" date="2025-09-17T06:17:51.997" /><!-- duration: 28ms -->
      </step><!-- duration: 440ms -->
      <step title="None repository commit" date="2025-09-17T06:17:52.077" >
        <step title="Commit id: 76794605-537f-4d2d-8ae9-42c4965dbe56" date="2025-09-17T06:17:52.086" Message="OneDeploy" AuthorName="N/A" AuthorEmail="N/A" /><!-- duration: 8ms -->
      </step><!-- duration: 21ms -->
      <step title="Deployment timer started" date="2025-09-17T06:17:54.132" >
        <step title="DeploymentManager.Deploy(id:76794605-537f-4d2d-8ae9-42c4965dbe56)" date="2025-09-17T06:17:54.200" >
          <step title="Collecting changeset information" date="2025-09-17T06:17:54.591" /><!-- duration: 689ms -->
          <step title="Updating submodules" date="2025-09-17T06:17:55.477" /><!-- duration: 1530ms -->
          <step title="Determining deployment builder" date="2025-09-17T06:17:57.676" >
            <step title="Builder is OneDeployBuilder" date="2025-09-17T06:17:57.756" /><!-- duration: 10ms -->
          </step><!-- duration: 99ms -->
          <step title="PreDeployment: context.CleanOutputPath False" date="2025-09-17T06:17:57.877" >
            <step title="PreDeployment: context.OutputPath /home/site/wwwroot" date="2025-09-17T06:17:58.147" >
              <step title="Building" date="2025-09-17T06:17:58.524" >
                <step title="Executing external process" date="2025-09-17T06:18:00.185" type="process" path="starter.sh" arguments="/opt/Kudu/Scripts/parallel_rsync.sh /tmp/zipdeploy/extracted /home/site/wwwroot 8 /tmp/ False False  " /><!-- duration: 14825ms -->
                <step title="Modified file to trigger a restart of the app container." date="2025-09-17T06:18:15.697" /><!-- duration: 2ms -->
                <step title="Skip function trigger and logicapp sync because function is not enabled." date="2025-09-17T06:18:15.704" /><!-- duration: 9ms -->
              </step><!-- duration: 18331ms -->
            </step><!-- duration: 18740ms -->
            <step title="Cleaning up temp files" date="2025-09-17T06:18:16.897" /><!-- duration: 18ms -->
            <step title="Cleaning up temp files" date="2025-09-17T06:18:16.978" /><!-- duration: 535ms -->
            <step title="Reloading status file with latest updates" date="2025-09-17T06:18:17.572" >
              <step title="WebHooksManager.PublishEventAsync: PostDeployment" date="2025-09-17T06:18:17.592" /><!-- duration: 195ms -->
            </step><!-- duration: 226ms -->
            <step title="Cleaning up temporary deployment - fetch deployment was successful" date="2025-09-17T06:18:17.836" /><!-- duration: 3ms -->
          </step><!-- duration: 20071ms -->
        </step><!-- duration: 23796ms -->
        <step title="Outgoing response" date="2025-09-17T06:18:18.134" type="response" statusCode="200" statusText="OK" /><!-- duration: 19ms -->
      </step><!-- duration: 24024ms -->
