<step title="Incoming Request" date="2025-09-17T06:08:12.190" instance="a43493" url="/api/publish?type=zip" method="POST" type="request" pid="772,1,15" Accept="*/*" Host="careeratev1.scm.azurewebsites.net" User-Agent="AZURECLI/2.75.0 (MSI)" Accept-Encoding="gzip, deflate" Authorization="Bas..." Cache-Control="no-cache" Content-Type="application/octet-stream" Cookie="ARRAffinity=a434938ab9cf54b99164e7f12e277f3dd475a264182b98d6a0baee1e6c3e1a6e; ARRAffinitySameSite=a434938ab9cf54b99164e7f12e277f3dd475a264182b98d6a0baee1e6c3e1a6e" Content-Length="456900" x-ms-client-request-id="8a6644fd-938c-11f0-8d2d-ac198e999b88" x-ms-artifact-checksum="f6b7b323898835cc912f3a46b1636d648038de0eaaa45eb9d9fb36a4d40952e9" X-ARR-LOG-ID="8a6644fd-938c-11f0-8d2d-ac198e999b88" CLIENT-IP="50.35.118.78:55927" X-SITE-DEPLOYMENT-ID="CareerateV1" WAS-DEFAULT-HOSTNAME="careeratev1.scm.azurewebsites.net" X-Forwarded-Proto="https" X-AppService-Proto="https" X-Forwarded-TlsVersion="1.3" X-WAWS-Unencoded-URL="/api/publish?type=zip" X-Client-IP="50.35.118.78" X-Client-Port="55927" >
  <step title="OneDeploy" date="2025-09-17T06:08:12.390" >
    <step title="None repository commit" date="2025-09-17T06:08:12.415" >
      <step title="Commit id: 89730045-1bef-4737-89a4-7bb918534969" date="2025-09-17T06:08:12.418" Message="N/A" AuthorName="N/A" AuthorEmail="N/A" /><!-- duration: 2ms -->
    </step><!-- duration: 7ms -->
    <step title="Starting PushDeployAsync" date="2025-09-17T06:08:12.425" /><!-- duration: 2ms -->
    <step title="Writing artifact to /tmp/zipdeploy/4bf05221-177d-40c4-9861-ed1dbf9ee6c4.zip" date="2025-09-17T06:08:12.437" >
      <step title="Writing multipart request body to /tmp/zipdeploy/4bf05221-177d-40c4-9861-ed1dbf9ee6c4.zip" date="2025-09-17T06:08:12.440" /><!-- duration: 2ms -->
    </step><!-- duration: 50ms -->
    <step title="Attempting to fetch target branch HEAD" date="2025-09-17T06:08:12.499" /><!-- duration: 2ms -->
    <step title="Acquiring Deployment Lock" date="2025-09-17T06:08:12.504" /><!-- duration: 2ms -->
    <step title="Acquired Deployment Lock" date="2025-09-17T06:08:12.532" /><!-- duration: 2ms -->
    <step title="Performing fetch based deployment" date="2025-09-17T06:08:12.540" >
      <step title="Creating temporary deployment" date="2025-09-17T06:08:12.543" /><!-- duration: 53ms -->
      <step title="Releasing Deployment Lock" date="2025-09-17T06:08:13.734" /><!-- duration: 10ms -->
      <step title="Cleaning up temp folders from previous zip deployments and extracting pushed zip file /tmp/zipdeploy/4bf05221-177d-40c4-9861-ed1dbf9ee6c4.zip (0.44 MB) to /tmp/zipdeploy/extracted" date="2025-09-17T06:08:13.834" >
        <step title="ChmodRecursive Process exited with total time taken in ms: 197" date="2025-09-17T06:08:14.325" /><!-- duration: 19ms -->
      </step><!-- duration: 522ms -->
      <step title="None repository commit" date="2025-09-17T06:08:14.374" >
        <step title="Commit id: 89730045-1bef-4737-89a4-7bb918534969" date="2025-09-17T06:08:14.384" Message="OneDeploy" AuthorName="N/A" AuthorEmail="N/A" /><!-- duration: 9ms -->
      </step><!-- duration: 22ms -->
      <step title="Deployment timer started" date="2025-09-17T06:08:16.453" >
        <step title="DeploymentManager.Deploy(id:89730045-1bef-4737-89a4-7bb918534969)" date="2025-09-17T06:08:16.483" >
          <step title="Collecting changeset information" date="2025-09-17T06:08:16.513" /><!-- duration: 195ms -->
          <step title="Updating submodules" date="2025-09-17T06:08:16.748" /><!-- duration: 1177ms -->
          <step title="Determining deployment builder" date="2025-09-17T06:08:18.122" >
            <step title="Builder is OneDeployBuilder" date="2025-09-17T06:08:18.130" /><!-- duration: 2ms -->
          </step><!-- duration: 12ms -->
          <step title="PreDeployment: context.CleanOutputPath False" date="2025-09-17T06:08:18.180" >
            <step title="PreDeployment: context.OutputPath /home/site/wwwroot" date="2025-09-17T06:08:18.292" >
              <step title="Building" date="2025-09-17T06:08:18.423" >
                <step title="Executing external process" date="2025-09-17T06:08:18.902" type="process" path="starter.sh" arguments="/opt/Kudu/Scripts/parallel_rsync.sh /tmp/zipdeploy/extracted /home/site/wwwroot 8 /tmp/ False False  " /><!-- duration: 4437ms -->
                <step title="Modified file to trigger a restart of the app container." date="2025-09-17T06:08:23.979" /><!-- duration: 11ms -->
                <step title="Skip function trigger and logicapp sync because function is not enabled." date="2025-09-17T06:08:23.997" /><!-- duration: 10ms -->
              </step><!-- duration: 6650ms -->
            </step><!-- duration: 6784ms -->
            <step title="Cleaning up temp files" date="2025-09-17T06:08:25.079" /><!-- duration: 4ms -->
            <step title="Cleaning up temp files" date="2025-09-17T06:08:25.087" /><!-- duration: 509ms -->
            <step title="Reloading status file with latest updates" date="2025-09-17T06:08:25.627" >
              <step title="WebHooksManager.PublishEventAsync: PostDeployment" date="2025-09-17T06:08:25.633" /><!-- duration: 93ms -->
            </step><!-- duration: 101ms -->
            <step title="Cleaning up temporary deployment - fetch deployment was successful" date="2025-09-17T06:08:25.737" /><!-- duration: 10ms -->
          </step><!-- duration: 7640ms -->
        </step><!-- duration: 9343ms -->
        <step title="Outgoing response" date="2025-09-17T06:08:25.843" type="response" statusCode="200" statusText="OK" /><!-- duration: 3ms -->
      </step><!-- duration: 9396ms -->
