﻿<?xml version="1.0" encoding="utf-8"?>
<deployment>
  <id>d1e27d936ce04bb621f86b1dbba01333019d0b9c1755632048360</id>
  <author>garv-seth</author>
  <deployer>GitHub</deployer>
  <authorEmail />
  <message>{"type":"Deployment","sha":"d1e27d936ce04bb621f86b1dbba01333019d0b9c","repoName":"garv-seth/CareerateV1","actor":"garv-seth","slotName":"production"}</message>
  <progress />
  <status>Success</status>
  <statusText />
  <lastSuccessEndTime>2025-08-19T19:34:08.4880675Z</lastSuccessEndTime>
  <receivedTime>2025-08-19T19:34:08.4880675Z</receivedTime>
  <startTime>2025-08-19T19:34:08.4880675Z</startTime>
  <endTime>2025-08-19T19:34:08.4880675Z</endTime>
  <complete>True</complete>
  <is_temp>False</is_temp>
  <is_readonly>True</is_readonly>
  <buildSummary />
</deployment>