﻿<?xml version="1.0" encoding="utf-8"?>
<deployment>
  <id>6fc88e63fa22d2d889557bc0e66eaadfc0be3b411755715851137</id>
  <author>garv-seth</author>
  <deployer>GitHub</deployer>
  <authorEmail />
  <message>{"type":"Deployment","sha":"6fc88e63fa22d2d889557bc0e66eaadfc0be3b41","repoName":"garv-seth/CareerateV1","actor":"garv-seth","slotName":"production"}</message>
  <progress />
  <status>Success</status>
  <statusText />
  <lastSuccessEndTime>2025-08-20T18:50:51.2903569Z</lastSuccessEndTime>
  <receivedTime>2025-08-20T18:50:51.2903569Z</receivedTime>
  <startTime>2025-08-20T18:50:51.2903569Z</startTime>
  <endTime>2025-08-20T18:50:51.2903569Z</endTime>
  <complete>True</complete>
  <is_temp>False</is_temp>
  <is_readonly>True</is_readonly>
  <buildSummary />
</deployment>