﻿<?xml version="1.0" encoding="utf-8"?>
<deployment>
  <id>7152af3ce6ede0995802e06e6cca535962c5c5c01755631682930</id>
  <author>garv-seth</author>
  <deployer>GitHub</deployer>
  <authorEmail />
  <message>{"type":"Deployment","sha":"7152af3ce6ede0995802e06e6cca535962c5c5c0","repoName":"garv-seth/CareerateV1","actor":"garv-seth","slotName":"production"}</message>
  <progress />
  <status>Success</status>
  <statusText />
  <lastSuccessEndTime>2025-08-19T19:28:03.160884Z</lastSuccessEndTime>
  <receivedTime>2025-08-19T19:28:03.160884Z</receivedTime>
  <startTime>2025-08-19T19:28:03.160884Z</startTime>
  <endTime>2025-08-19T19:28:03.160884Z</endTime>
  <complete>True</complete>
  <is_temp>False</is_temp>
  <is_readonly>True</is_readonly>
  <buildSummary />
</deployment>